3.9998 0 0.0399993,3.9998 5 0.0399993,4 0 0
3.9998 5 0.0399993,4 0 0,4 5 0
3.9992 0 0.0799947,3.9992 5 0.0799947,3.9998 0 0.0399993
3.9992 5 0.0799947,3.9998 0 0.0399993,3.9998 5 0.0399993
3.9982 0 0.119982,3.9982 5 0.119982,3.9992 0 0.0799947
3.9982 5 0.119982,3.9992 0 0.0799947,3.9992 5 0.0799947
3.9968 0 0.159957,3.9968 5 0.159957,3.9982 0 0.119982
3.9968 5 0.159957,3.9982 0 0.119982,3.9982 5 0.119982
3.995 0 0.199917,3.995 5 0.199917,3.9968 0 0.159957
3.995 5 0.199917,3.9968 0 0.159957,3.9968 5 0.159957
3.9928 0 0.239856,3.9928 5 0.239856,3.995 0 0.199917
3.9928 5 0.239856,3.995 0 0.199917,3.995 5 0.199917
3.9902 0 0.279771,3.9902 5 0.279771,3.9928 0 0.239856
3.9902 5 0.279771,3.9928 0 0.239856,3.9928 5 0.239856
3.98721 0 0.319659,3.98721 5 0.319659,3.9902 0 0.279771
3.98721 5 0.319659,3.9902 0 0.279771,3.9902 5 0.279771
3.98381 0 0.359514,3.98381 5 0.359514,3.98721 0 0.319659
3.98381 5 0.359514,3.98721 0 0.319659,3.98721 5 0.319659
3.98002 0 0.399334,3.98002 5 0.399334,3.98381 0 0.359514
3.98002 5 0.399334,3.98381 0 0.359514,3.98381 5 0.359514
3.97582 0 0.439113,3.97582 5 0.439113,3.98002 0 0.399334
3.97582 5 0.439113,3.98002 0 0.399334,3.98002 5 0.399334
3.97123 0 0.478849,3.97123 5 0.478849,3.97582 0 0.439113
3.97123 5 0.478849,3.97582 0 0.439113,3.97582 5 0.439113
3.96625 0 0.518537,3.96625 5 0.518537,3.97123 0 0.478849
3.96625 5 0.518537,3.97123 0 0.478849,3.97123 5 0.478849
3.96086 0 0.558172,3.96086 5 0.558172,3.96625 0 0.518537
3.96086 5 0.558172,3.96625 0 0.518537,3.96625 5 0.518537
3.95508 0 0.597753,3.95508 5 0.597753,3.96086 0 0.558172
3.95508 5 0.597753,3.96086 0 0.558172,3.96086 5 0.558172
3.94891 0 0.637273,3.94891 5 0.637273,3.95508 0 0.597753
3.94891 5 0.637273,3.95508 0 0.597753,3.95508 5 0.597753
3.94234 0 0.676729,3.94234 5 0.676729,3.94891 0 0.637273
3.94234 5 0.676729,3.94891 0 0.637273,3.94891 5 0.637273
3.93537 0 0.716118,3.93537 5 0.716118,3.94234 0 0.676729
3.93537 5 0.716118,3.94234 0 0.676729,3.94234 5 0.676729
3.92802 0 0.755436,3.92802 5 0.755436,3.93537 0 0.716118
3.92802 5 0.755436,3.93537 0 0.716118,3.93537 5 0.716118
3.92027 0 0.794677,3.92027 5 0.794677,3.92802 0 0.755436
3.92027 5 0.794677,3.92802 0 0.755436,3.92802 5 0.755436
3.91212 0 0.83384,3.91212 5 0.83384,3.92027 0 0.794677
3.91212 5 0.83384,3.92027 0 0.794677,3.92027 5 0.794677
3.90359 0 0.872918,3.90359 5 0.872918,3.91212 0 0.83384
3.90359 5 0.872918,3.91212 0 0.83384,3.91212 5 0.83384
3.89467 0 0.91191,3.89467 5 0.91191,3.90359 0 0.872918
3.89467 5 0.91191,3.90359 0 0.872918,3.90359 5 0.872918
3.88535 0 0.950811,3.88535 5 0.950811,3.89467 0 0.91191
3.88535 5 0.950811,3.89467 0 0.91191,3.89467 5 0.91191
3.87565 0 0.989616,3.87565 5 0.989616,3.88535 0 0.950811
3.87565 5 0.989616,3.88535 0 0.950811,3.88535 5 0.950811
3.86556 0 1.02832,3.86556 5 1.02832,3.87565 0 0.989616
3.86556 5 1.02832,3.87565 0 0.989616,3.87565 5 0.989616
3.85508 0 1.06693,3.85508 5 1.06693,3.86556 0 1.02832
3.85508 5 1.06693,3.86556 0 1.02832,3.86556 5 1.02832
3.84422 0 1.10542,3.84422 5 1.10542,3.85508 0 1.06693
3.84422 5 1.10542,3.85508 0 1.06693,3.85508 5 1.06693
3.83298 0 1.14381,3.83298 5 1.14381,3.84422 0 1.10542
3.83298 5 1.14381,3.84422 0 1.10542,3.84422 5 1.10542
3.82135 0 1.18208,3.82135 5 1.18208,3.83298 0 1.14381
3.82135 5 1.18208,3.83298 0 1.14381,3.83298 5 1.14381
3.80933 0 1.22023,3.80933 5 1.22023,3.82135 0 1.18208
3.80933 5 1.22023,3.82135 0 1.18208,3.82135 5 1.18208
3.79694 0 1.25827,3.79694 5 1.25827,3.80933 0 1.22023
3.79694 5 1.25827,3.80933 0 1.22023,3.80933 5 1.22023
3.78417 0 1.29617,3.78417 5 1.29617,3.79694 0 1.25827
3.78417 5 1.29617,3.79694 0 1.25827,3.79694 5 1.25827
3.77102 0 1.33395,3.77102 5 1.33395,3.78417 0 1.29617
3.77102 5 1.33395,3.78417 0 1.29617,3.78417 5 1.29617
3.75749 0 1.37159,3.75749 5 1.37159,3.77102 0 1.33395
3.75749 5 1.37159,3.77102 0 1.33395,3.77102 5 1.33395
3.74359 0 1.4091,3.74359 5 1.4091,3.75749 0 1.37159
3.74359 5 1.4091,3.75749 0 1.37159,3.75749 5 1.37159
3.72931 0 1.44646,3.72931 5 1.44646,3.74359 0 1.4091
3.72931 5 1.44646,3.74359 0 1.4091,3.74359 5 1.4091
3.71466 0 1.48368,3.71466 5 1.48368,3.72931 0 1.44646
3.71466 5 1.48368,3.72931 0 1.44646,3.72931 5 1.44646
3.69964 0 1.52075,3.69964 5 1.52075,3.71466 0 1.48368
3.69964 5 1.52075,3.71466 0 1.48368,3.71466 5 1.48368
3.68424 0 1.55767,3.68424 5 1.55767,3.69964 0 1.52075
3.68424 5 1.55767,3.69964 0 1.52075,3.69964 5 1.52075
3.66848 0 1.59444,3.66848 5 1.59444,3.68424 0 1.55767
3.66848 5 1.59444,3.68424 0 1.55767,3.68424 5 1.55767
3.65236 0 1.63104,3.65236 5 1.63104,3.66848 0 1.59444
3.65236 5 1.63104,3.66848 0 1.59444,3.66848 5 1.59444
3.63586 0 1.66748,3.63586 5 1.66748,3.65236 0 1.63104
3.63586 5 1.66748,3.65236 0 1.63104,3.65236 5 1.63104
3.61901 0 1.70376,3.61901 5 1.70376,3.63586 0 1.66748
3.61901 5 1.70376,3.63586 0 1.66748,3.63586 5 1.66748
3.60179 0 1.73986,3.60179 5 1.73986,3.61901 0 1.70376
3.60179 5 1.73986,3.61901 0 1.70376,3.61901 5 1.70376
3.58421 0 1.77579,3.58421 5 1.77579,3.60179 0 1.73986
3.58421 5 1.77579,3.60179 0 1.73986,3.60179 5 1.73986
3.56627 0 1.81155,3.56627 5 1.81155,3.58421 0 1.77579
3.56627 5 1.81155,3.58421 0 1.77579,3.58421 5 1.77579
3.54798 0 1.84712,3.54798 5 1.84712,3.56627 0 1.81155
3.54798 5 1.84712,3.56627 0 1.81155,3.56627 5 1.81155
3.52933 0 1.8825,3.52933 5 1.8825,3.54798 0 1.84712
3.52933 5 1.8825,3.54798 0 1.84712,3.54798 5 1.84712
3.51033 0 1.9177,3.51033 5 1.9177,3.52933 0 1.8825
3.51033 5 1.9177,3.52933 0 1.8825,3.52933 5 1.8825
3.49098 0 1.95271,3.49098 5 1.95271,3.51033 0 1.9177
3.49098 5 1.95271,3.51033 0 1.9177,3.51033 5 1.9177
3.47128 0 1.98752,3.47128 5 1.98752,3.49098 0 1.95271
3.47128 5 1.98752,3.49098 0 1.95271,3.49098 5 1.95271
3.45123 0 2.02213,3.45123 5 2.02213,3.47128 0 1.98752
3.45123 5 2.02213,3.47128 0 1.98752,3.47128 5 1.98752
3.43083 0 2.05654,3.43083 5 2.05654,3.45123 0 2.02213
3.43083 5 2.05654,3.45123 0 2.02213,3.45123 5 2.02213
3.4101 0 2.09075,3.4101 5 2.09075,3.43083 0 2.05654
3.4101 5 2.09075,3.43083 0 2.05654,3.43083 5 2.05654
3.38902 0 2.12474,3.38902 5 2.12474,3.4101 0 2.09075
3.38902 5 2.12474,3.4101 0 2.09075,3.4101 5 2.09075
3.3676 0 2.15853,3.3676 5 2.15853,3.38902 0 2.12474
3.3676 5 2.15853,3.38902 0 2.12474,3.38902 5 2.12474
3.34585 0 2.1921,3.34585 5 2.1921,3.3676 0 2.15853
3.34585 5 2.1921,3.3676 0 2.15853,3.3676 5 2.15853
3.32376 0 2.22544,3.32376 5 2.22544,3.34585 0 2.1921
3.32376 5 2.22544,3.34585 0 2.1921,3.34585 5 2.1921
3.30134 0 2.25857,3.30134 5 2.25857,3.32376 0 2.22544
3.30134 5 2.25857,3.32376 0 2.22544,3.32376 5 2.22544
3.27859 0 2.29147,3.27859 5 2.29147,3.30134 0 2.25857
3.27859 5 2.29147,3.30134 0 2.25857,3.30134 5 2.25857
3.25551 0 2.32414,3.25551 5 2.32414,3.27859 0 2.29147
3.25551 5 2.32414,3.27859 0 2.29147,3.27859 5 2.29147
3.23211 0 2.35658,3.23211 5 2.35658,3.25551 0 2.32414
3.23211 5 2.35658,3.25551 0 2.32414,3.25551 5 2.32414
3.20838 0 2.38878,3.20838 5 2.38878,3.23211 0 2.35658
3.20838 5 2.38878,3.23211 0 2.35658,3.23211 5 2.35658
3.18434 0 2.42075,3.18434 5 2.42075,3.20838 0 2.38878
3.18434 5 2.42075,3.20838 0 2.38878,3.20838 5 2.38878
3.15997 0 2.45247,3.15997 5 2.45247,3.18434 0 2.42075
3.15997 5 2.45247,3.18434 0 2.42075,3.18434 5 2.42075
3.13529 0 2.48394,3.13529 5 2.48394,3.15997 0 2.45247
3.13529 5 2.48394,3.15997 0 2.45247,3.15997 5 2.45247
3.11029 0 2.51517,3.11029 5 2.51517,3.13529 0 2.48394
3.11029 5 2.51517,3.13529 0 2.48394,3.13529 5 2.48394
3.08498 0 2.54615,3.08498 5 2.54615,3.11029 0 2.51517
3.08498 5 2.54615,3.11029 0 2.51517,3.11029 5 2.51517
3.05937 0 2.57687,3.05937 5 2.57687,3.08498 0 2.54615
3.05937 5 2.57687,3.08498 0 2.54615,3.08498 5 2.54615
3.03345 0 2.60734,3.03345 5 2.60734,3.05937 0 2.57687
3.03345 5 2.60734,3.05937 0 2.57687,3.05937 5 2.57687
3.00722 0 2.63754,3.00722 5 2.63754,3.03345 0 2.60734
3.00722 5 2.63754,3.03345 0 2.60734,3.03345 5 2.60734
2.9807 0 2.66748,2.9807 5 2.66748,3.00722 0 2.63754
2.9807 5 2.66748,3.00722 0 2.63754,3.00722 5 2.63754
2.95387 0 2.69715,2.95387 5 2.69715,2.9807 0 2.66748
2.95387 5 2.69715,2.9807 0 2.66748,2.9807 5 2.66748
2.92676 0 2.72656,2.92676 5 2.72656,2.95387 0 2.69715
2.92676 5 2.72656,2.95387 0 2.69715,2.95387 5 2.69715
2.89934 0 2.75569,2.89934 5 2.75569,2.92676 0 2.72656
2.89934 5 2.75569,2.92676 0 2.72656,2.92676 5 2.72656
2.87164 0 2.78454,2.87164 5 2.78454,2.89934 0 2.75569
2.87164 5 2.78454,2.89934 0 2.75569,2.89934 5 2.75569
2.84365 0 2.81312,2.84365 5 2.81312,2.87164 0 2.78454
2.84365 5 2.81312,2.87164 0 2.78454,2.87164 5 2.78454
2.81538 0 2.84141,2.81538 5 2.84141,2.84365 0 2.81312
2.81538 5 2.84141,2.84365 0 2.81312,2.84365 5 2.81312
2.78683 0 2.86942,2.78683 5 2.86942,2.81538 0 2.84141
2.78683 5 2.86942,2.81538 0 2.84141,2.81538 5 2.84141
2.75799 0 2.89715,2.75799 5 2.89715,2.78683 0 2.86942
2.75799 5 2.89715,2.78683 0 2.86942,2.78683 5 2.86942
2.72888 0 2.92458,2.72888 5 2.92458,2.75799 0 2.89715
2.72888 5 2.92458,2.75799 0 2.89715,2.75799 5 2.89715
2.6995 0 2.95173,2.6995 5 2.95173,2.72888 0 2.92458
2.6995 5 2.95173,2.72888 0 2.92458,2.72888 5 2.92458
2.66985 0 2.97857,2.66985 5 2.97857,2.6995 0 2.95173
2.66985 5 2.97857,2.6995 0 2.95173,2.6995 5 2.95173
2.63993 0 3.00512,2.63993 5 3.00512,2.66985 0 2.97857
2.63993 5 3.00512,2.66985 0 2.97857,2.66985 5 2.97857
2.60975 0 3.03137,2.60975 5 3.03137,2.63993 0 3.00512
2.60975 5 3.03137,2.63993 0 3.00512,2.63993 5 3.00512
2.57931 0 3.05732,2.57931 5 3.05732,2.60975 0 3.03137
2.57931 5 3.05732,2.60975 0 3.03137,2.60975 5 3.03137
2.5486 0 3.08296,2.5486 5 3.08296,2.57931 0 3.05732
2.5486 5 3.08296,2.57931 0 3.05732,2.57931 5 3.05732
2.51765 0 3.10829,2.51765 5 3.10829,2.5486 0 3.08296
2.51765 5 3.10829,2.5486 0 3.08296,2.5486 5 3.08296
2.48644 0 3.13331,2.48644 5 3.13331,2.51765 0 3.10829
2.48644 5 3.13331,2.51765 0 3.10829,2.51765 5 3.10829
2.45498 0 3.15801,2.45498 5 3.15801,2.48644 0 3.13331
2.45498 5 3.15801,2.48644 0 3.13331,2.48644 5 3.13331
2.42328 0 3.18241,2.42328 5 3.18241,2.45498 0 3.15801
2.42328 5 3.18241,2.45498 0 3.15801,2.45498 5 3.15801
2.39134 0 3.20648,2.39134 5 3.20648,2.42328 0 3.18241
2.39134 5 3.20648,2.42328 0 3.18241,2.42328 5 3.18241
2.35915 0 3.23023,2.35915 5 3.23023,2.39134 0 3.20648
2.35915 5 3.23023,2.39134 0 3.20648,2.39134 5 3.20648
2.32673 0 3.25366,2.32673 5 3.25366,2.35915 0 3.23023
2.32673 5 3.25366,2.35915 0 3.23023,2.35915 5 3.23023
2.29408 0 3.27677,2.29408 5 3.27677,2.32673 0 3.25366
2.29408 5 3.27677,2.32673 0 3.25366,2.32673 5 3.25366
2.2612 0 3.29954,2.2612 5 3.29954,2.29408 0 3.27677
2.2612 5 3.29954,2.29408 0 3.27677,2.29408 5 3.27677
2.22809 0 3.32199,2.22809 5 3.32199,2.2612 0 3.29954
2.22809 5 3.32199,2.2612 0 3.29954,2.2612 5 3.29954
2.19476 0 3.3441,2.19476 5 3.3441,2.22809 0 3.32199
2.19476 5 3.3441,2.22809 0 3.32199,2.22809 5 3.32199
2.16121 0 3.36588,2.16121 5 3.36588,2.19476 0 3.3441
2.16121 5 3.36588,2.19476 0 3.3441,2.19476 5 3.3441
2.12744 0 3.38733,2.12744 5 3.38733,2.16121 0 3.36588
2.12744 5 3.38733,2.16121 0 3.36588,2.16121 5 3.36588
2.09346 0 3.40843,2.09346 5 3.40843,2.12744 0 3.38733
2.09346 5 3.40843,2.12744 0 3.38733,2.12744 5 3.38733
2.05928 0 3.4292,2.05928 5 3.4292,2.09346 0 3.40843
2.05928 5 3.4292,2.09346 0 3.40843,2.09346 5 3.40843
2.02488 0 3.44962,2.02488 5 3.44962,2.05928 0 3.4292
2.02488 5 3.44962,2.05928 0 3.4292,2.05928 5 3.4292
1.99028 0 3.46969,1.99028 5 3.46969,2.02488 0 3.44962
1.99028 5 3.46969,2.02488 0 3.44962,2.02488 5 3.44962
1.95549 0 3.48942,1.95549 5 3.48942,1.99028 0 3.46969
1.95549 5 3.48942,1.99028 0 3.46969,1.99028 5 3.46969
1.9205 0 3.5088,1.9205 5 3.5088,1.95549 0 3.48942
1.9205 5 3.5088,1.95549 0 3.48942,1.95549 5 3.48942
1.88531 0 3.52783,1.88531 5 3.52783,1.9205 0 3.5088
1.88531 5 3.52783,1.9205 0 3.5088,1.9205 5 3.5088
1.84994 0 3.54651,1.84994 5 3.54651,1.88531 0 3.52783
1.84994 5 3.54651,1.88531 0 3.52783,1.88531 5 3.52783
1.81438 0 3.56483,1.81438 5 3.56483,1.84994 0 3.54651
1.81438 5 3.56483,1.84994 0 3.54651,1.84994 5 3.54651
1.77865 0 3.58279,1.77865 5 3.58279,1.81438 0 3.56483
1.77865 5 3.58279,1.81438 0 3.56483,1.81438 5 3.56483
1.74273 0 3.6004,1.74273 5 3.6004,1.77865 0 3.58279
1.74273 5 3.6004,1.77865 0 3.58279,1.77865 5 3.58279
1.70664 0 3.61765,1.70664 5 3.61765,1.74273 0 3.6004
1.70664 5 3.61765,1.74273 0 3.6004,1.74273 5 3.6004
1.67038 0 3.63453,1.67038 5 3.63453,1.70664 0 3.61765
1.67038 5 3.63453,1.70664 0 3.61765,1.70664 5 3.61765
1.63395 0 3.65106,1.63395 5 3.65106,1.67038 0 3.63453
1.63395 5 3.65106,1.67038 0 3.63453,1.67038 5 3.63453
1.59736 0 3.66721,1.59736 5 3.66721,1.63395 0 3.65106
1.59736 5 3.66721,1.63395 0 3.65106,1.63395 5 3.65106
1.56061 0 3.683,1.56061 5 3.683,1.59736 0 3.66721
1.56061 5 3.683,1.59736 0 3.66721,1.59736 5 3.66721
1.5237 0 3.69842,1.5237 5 3.69842,1.56061 0 3.683
1.5237 5 3.69842,1.56061 0 3.683,1.56061 5 3.683
1.48664 0 3.71348,1.48664 5 3.71348,1.5237 0 3.69842
1.48664 5 3.71348,1.5237 0 3.69842,1.5237 5 3.69842
1.44943 0 3.72816,1.44943 5 3.72816,1.48664 0 3.71348
1.44943 5 3.72816,1.48664 0 3.71348,1.48664 5 3.71348
1.41208 0 3.74246,1.41208 5 3.74246,1.44943 0 3.72816
1.41208 5 3.74246,1.44943 0 3.72816,1.44943 5 3.72816
1.37458 0 3.7564,1.37458 5 3.7564,1.41208 0 3.74246
1.37458 5 3.7564,1.41208 0 3.74246,1.41208 5 3.74246
1.33695 0 3.76996,1.33695 5 3.76996,1.37458 0 3.7564
1.33695 5 3.76996,1.37458 0 3.7564,1.37458 5 3.7564
1.29919 0 3.78314,1.29919 5 3.78314,1.33695 0 3.76996
1.29919 5 3.78314,1.33695 0 3.76996,1.33695 5 3.76996
1.26129 0 3.79594,1.26129 5 3.79594,1.29919 0 3.78314
1.26129 5 3.79594,1.29919 0 3.78314,1.29919 5 3.78314
1.22327 0 3.80836,1.22327 5 3.80836,1.26129 0 3.79594
1.22327 5 3.80836,1.26129 0 3.79594,1.26129 5 3.79594
1.18512 0 3.8204,1.18512 5 3.8204,1.22327 0 3.80836
1.18512 5 3.8204,1.22327 0 3.80836,1.22327 5 3.80836
1.14686 0 3.83206,1.14686 5 3.83206,1.18512 0 3.8204
1.14686 5 3.83206,1.18512 0 3.8204,1.18512 5 3.8204
1.10848 0 3.84334,1.10848 5 3.84334,1.14686 0 3.83206
1.10848 5 3.84334,1.14686 0 3.83206,1.14686 5 3.83206
1.07 0 3.85423,1.07 5 3.85423,1.10848 0 3.84334
1.07 5 3.85423,1.10848 0 3.84334,1.10848 5 3.84334
1.0314 0 3.86474,1.0314 5 3.86474,1.07 0 3.85423
1.0314 5 3.86474,1.07 0 3.85423,1.07 5 3.85423
0.992702 0 3.87486,0.992702 5 3.87486,1.0314 0 3.86474
0.992702 5 3.87486,1.0314 0 3.86474,1.0314 5 3.86474
0.953904 0 3.88459,0.953904 5 3.88459,0.992702 0 3.87486
0.953904 5 3.88459,0.992702 0 3.87486,0.992702 5 3.87486
0.915011 0 3.89394,0.915011 5 3.89394,0.953904 0 3.88459
0.915011 5 3.89394,0.953904 0 3.88459,0.953904 5 3.88459
0.876027 0 3.90289,0.876027 5 3.90289,0.915011 0 3.89394
0.876027 5 3.90289,0.915011 0 3.89394,0.915011 5 3.89394
0.836955 0 3.91146,0.836955 5 3.91146,0.876027 0 3.90289
0.836955 5 3.91146,0.876027 0 3.90289,0.876027 5 3.90289
0.797799 0 3.91963,0.797799 5 3.91963,0.836955 0 3.91146
0.797799 5 3.91963,0.836955 0 3.91146,0.836955 5 3.91146
0.758563 0 3.92741,0.758563 5 3.92741,0.797799 0 3.91963
0.758563 5 3.92741,0.797799 0 3.91963,0.797799 5 3.91963
0.719252 0 3.9348,0.719252 5 3.9348,0.758563 0 3.92741
0.719252 5 3.9348,0.758563 0 3.92741,0.758563 5 3.92741
0.679869 0 3.9418,0.679869 5 3.9418,0.719252 0 3.9348
0.679869 5 3.9418,0.719252 0 3.9348,0.719252 5 3.9348
0.640417 0 3.9484,0.640417 5 3.9484,0.679869 0 3.9418
0.640417 5 3.9484,0.679869 0 3.9418,0.679869 5 3.9418
0.600902 0 3.95461,0.600902 5 3.95461,0.640417 0 3.9484
0.600902 5 3.95461,0.640417 0 3.9484,0.640417 5 3.9484
0.561326 0 3.96042,0.561326 5 3.96042,0.600902 0 3.95461
0.561326 5 3.96042,0.600902 0 3.95461,0.600902 5 3.95461
0.521695 0 3.96583,0.521695 5 3.96583,0.561326 0 3.96042
0.521695 5 3.96583,0.561326 0 3.96042,0.561326 5 3.96042
0.482011 0 3.97085,0.482011 5 3.97085,0.521695 0 3.96583
0.482011 5 3.97085,0.521695 0 3.96583,0.521695 5 3.96583
0.442279 0 3.97547,0.442279 5 3.97547,0.482011 0 3.97085
0.442279 5 3.97547,0.482011 0 3.97085,0.482011 5 3.97085
0.402503 0 3.9797,0.402503 5 3.9797,0.442279 0 3.97547
0.402503 5 3.9797,0.442279 0 3.97547,0.442279 5 3.97547
0.362686 0 3.98352,0.362686 5 3.98352,0.402503 0 3.9797
0.362686 5 3.98352,0.402503 0 3.9797,0.402503 5 3.9797
0.322834 0 3.98695,0.322834 5 3.98695,0.362686 0 3.98352
0.322834 5 3.98695,0.362686 0 3.98352,0.362686 5 3.98352
0.282949 0 3.98998,0.282949 5 3.98998,0.322834 0 3.98695
0.282949 5 3.98998,0.322834 0 3.98695,0.322834 5 3.98695
0.243036 0 3.99261,0.243036 5 3.99261,0.282949 0 3.98998
0.243036 5 3.99261,0.282949 0 3.98998,0.282949 5 3.98998
0.203098 0 3.99484,0.203098 5 3.99484,0.243036 0 3.99261
0.203098 5 3.99484,0.243036 0 3.99261,0.243036 5 3.99261
0.16314 0 3.99667,0.16314 5 3.99667,0.203098 0 3.99484
0.16314 5 3.99667,0.203098 0 3.99484,0.203098 5 3.99484
0.123166 0 3.9981,0.123166 5 3.9981,0.16314 0 3.99667
0.123166 5 3.9981,0.16314 0 3.99667,0.16314 5 3.99667
0.0831793 0 3.99914,0.0831793 5 3.99914,0.123166 0 3.9981
0.0831793 5 3.99914,0.123166 0 3.9981,0.123166 5 3.9981
0.0431845 0 3.99977,0.0431845 5 3.99977,0.0831793 0 3.99914
0.0431845 5 3.99977,0.0831793 0 3.99914,0.0831793 5 3.99914
0.00318531 0 4,0.00318531 5 4,0.0431845 0 3.99977
0.00318531 5 4,0.0431845 0 3.99977,0.0431845 5 3.99977
-0.0368142 0 3.99983,-0.0368142 5 3.99983,0.00318531 0 4
-0.0368142 5 3.99983,0.00318531 0 4,0.00318531 5 4
-0.07681 0 3.99926,-0.07681 5 3.99926,-0.0368142 0 3.99983
-0.07681 5 3.99926,-0.0368142 0 3.99983,-0.0368142 5 3.99983
-0.116798 0 3.99829,-0.116798 5 3.99829,-0.07681 0 3.99926
-0.116798 5 3.99829,-0.07681 0 3.99926,-0.07681 5 3.99926
-0.156775 0 3.99693,-0.156775 5 3.99693,-0.116798 0 3.99829
-0.156775 5 3.99693,-0.116798 0 3.99829,-0.116798 5 3.99829
-0.196735 0 3.99516,-0.196735 5 3.99516,-0.156775 0 3.99693
-0.196735 5 3.99516,-0.156775 0 3.99693,-0.156775 5 3.99693
-0.236676 0 3.99299,-0.236676 5 3.99299,-0.196735 0 3.99516
-0.236676 5 3.99299,-0.196735 0 3.99516,-0.196735 5 3.99516
-0.276594 0 3.99043,-0.276594 5 3.99043,-0.236676 0 3.99299
-0.276594 5 3.99043,-0.236676 0 3.99299,-0.236676 5 3.99299
-0.316484 0 3.98746,-0.316484 5 3.98746,-0.276594 0 3.99043
-0.316484 5 3.98746,-0.276594 0 3.99043,-0.276594 5 3.99043
-0.356342 0 3.9841,-0.356342 5 3.9841,-0.316484 0 3.98746
-0.356342 5 3.9841,-0.316484 0 3.98746,-0.316484 5 3.98746
-0.396164 0 3.98033,-0.396164 5 3.98033,-0.356342 0 3.9841
-0.396164 5 3.98033,-0.356342 0 3.9841,-0.356342 5 3.9841
-0.435947 0 3.97617,-0.435947 5 3.97617,-0.396164 0 3.98033
-0.435947 5 3.97617,-0.396164 0 3.98033,-0.396164 5 3.98033
-0.475686 0 3.97161,-0.475686 5 3.97161,-0.435947 0 3.97617
-0.475686 5 3.97161,-0.435947 0 3.97617,-0.435947 5 3.97617
-0.515378 0 3.96666,-0.515378 5 3.96666,-0.475686 0 3.97161
-0.515378 5 3.96666,-0.475686 0 3.97161,-0.475686 5 3.97161
-0.555018 0 3.96131,-0.555018 5 3.96131,-0.515378 0 3.96666
-0.555018 5 3.96131,-0.515378 0 3.96666,-0.515378 5 3.96666
-0.594603 0 3.95556,-0.594603 5 3.95556,-0.555018 0 3.96131
-0.594603 5 3.95556,-0.555018 0 3.96131,-0.555018 5 3.96131
-0.634128 0 3.94942,-0.634128 5 3.94942,-0.594603 0 3.95556
-0.634128 5 3.94942,-0.594603 0 3.95556,-0.594603 5 3.95556
-0.67359 0 3.94288,-0.67359 5 3.94288,-0.634128 0 3.94942
-0.67359 5 3.94288,-0.634128 0 3.94942,-0.634128 5 3.94942
-0.712984 0 3.93594,-0.712984 5 3.93594,-0.67359 0 3.94288
-0.712984 5 3.93594,-0.67359 0 3.94288,-0.67359 5 3.94288
-0.752307 0 3.92862,-0.752307 5 3.92862,-0.712984 0 3.93594
-0.752307 5 3.92862,-0.712984 0 3.93594,-0.712984 5 3.93594
-0.791555 0 3.9209,-0.791555 5 3.9209,-0.752307 0 3.92862
-0.791555 5 3.9209,-0.752307 0 3.92862,-0.752307 5 3.92862
-0.830724 0 3.91279,-0.830724 5 3.91279,-0.791555 0 3.9209
-0.830724 5 3.91279,-0.791555 0 3.9209,-0.791555 5 3.9209
-0.86981 0 3.90428,-0.86981 5 3.90428,-0.830724 0 3.91279
-0.86981 5 3.90428,-0.830724 0 3.91279,-0.830724 5 3.91279
-0.908808 0 3.89539,-0.908808 5 3.89539,-0.86981 0 3.90428
-0.908808 5 3.89539,-0.86981 0 3.90428,-0.86981 5 3.90428
-0.947716 0 3.88611,-0.947716 5 3.88611,-0.908808 0 3.89539
-0.947716 5 3.88611,-0.908808 0 3.89539,-0.908808 5 3.89539
-0.986529 0 3.87644,-0.986529 5 3.87644,-0.947716 0 3.88611
-0.986529 5 3.87644,-0.947716 0 3.88611,-0.947716 5 3.88611
-1.02524 0 3.86638,-1.02524 5 3.86638,-0.986529 0 3.87644
-1.02524 5 3.86638,-0.986529 0 3.87644,-0.986529 5 3.87644
-1.06386 0 3.85593,-1.06386 5 3.85593,-1.02524 0 3.86638
-1.06386 5 3.85593,-1.02524 0 3.86638,-1.02524 5 3.86638
-1.10236 0 3.8451,-1.10236 5 3.8451,-1.06386 0 3.85593
-1.10236 5 3.8451,-1.06386 0 3.85593,-1.06386 5 3.85593
-1.14076 0 3.83389,-1.14076 5 3.83389,-1.10236 0 3.8451
-1.14076 5 3.83389,-1.10236 0 3.8451,-1.10236 5 3.8451
-1.17904 0 3.82229,-1.17904 5 3.82229,-1.14076 0 3.83389
-1.17904 5 3.82229,-1.14076 0 3.83389,-1.14076 5 3.83389
-1.2172 0 3.8103,-1.2172 5 3.8103,-1.17904 0 3.82229
-1.2172 5 3.8103,-1.17904 0 3.82229,-1.17904 5 3.82229
-1.25524 0 3.79794,-1.25524 5 3.79794,-1.2172 0 3.8103
-1.25524 5 3.79794,-1.2172 0 3.8103,-1.2172 5 3.8103
-1.29316 0 3.7852,-1.29316 5 3.7852,-1.25524 0 3.79794
-1.29316 5 3.7852,-1.25524 0 3.79794,-1.25524 5 3.79794
-1.33094 0 3.77208,-1.33094 5 3.77208,-1.29316 0 3.7852
-1.33094 5 3.77208,-1.29316 0 3.7852,-1.29316 5 3.7852
-1.3686 0 3.75858,-1.3686 5 3.75858,-1.33094 0 3.77208
-1.3686 5 3.75858,-1.33094 0 3.77208,-1.33094 5 3.77208
-1.40612 0 3.74471,-1.40612 5 3.74471,-1.3686 0 3.75858
-1.40612 5 3.74471,-1.3686 0 3.75858,-1.3686 5 3.75858
-1.44349 0 3.73046,-1.44349 5 3.73046,-1.40612 0 3.74471
-1.44349 5 3.73046,-1.40612 0 3.74471,-1.40612 5 3.74471
-1.48072 0 3.71584,-1.48072 5 3.71584,-1.44349 0 3.73046
-1.48072 5 3.71584,-1.44349 0 3.73046,-1.44349 5 3.73046
-1.51781 0 3.70085,-1.51781 5 3.70085,-1.48072 0 3.71584
-1.51781 5 3.70085,-1.48072 0 3.71584,-1.48072 5 3.71584
-1.55474 0 3.68548,-1.55474 5 3.68548,-1.51781 0 3.70085
-1.55474 5 3.68548,-1.51781 0 3.70085,-1.51781 5 3.70085
-1.59152 0 3.66975,-1.59152 5 3.66975,-1.55474 0 3.68548
-1.59152 5 3.66975,-1.55474 0 3.68548,-1.55474 5 3.68548
-1.62813 0 3.65365,-1.62813 5 3.65365,-1.59152 0 3.66975
-1.62813 5 3.65365,-1.59152 0 3.66975,-1.59152 5 3.66975
-1.66459 0 3.63719,-1.66459 5 3.63719,-1.62813 0 3.65365
-1.66459 5 3.63719,-1.62813 0 3.65365,-1.62813 5 3.65365
-1.70088 0 3.62036,-1.70088 5 3.62036,-1.66459 0 3.63719
-1.70088 5 3.62036,-1.66459 0 3.63719,-1.66459 5 3.63719
-1.73699 0 3.60317,-1.73699 5 3.60317,-1.70088 0 3.62036
-1.73699 5 3.60317,-1.70088 0 3.62036,-1.70088 5 3.62036
-1.77294 0 3.58562,-1.77294 5 3.58562,-1.73699 0 3.60317
-1.77294 5 3.58562,-1.73699 0 3.60317,-1.73699 5 3.60317
-1.8087 0 3.56771,-1.8087 5 3.56771,-1.77294 0 3.58562
-1.8087 5 3.56771,-1.77294 0 3.58562,-1.77294 5 3.58562
-1.84429 0 3.54945,-1.84429 5 3.54945,-1.8087 0 3.56771
-1.84429 5 3.54945,-1.8087 0 3.56771,-1.8087 5 3.56771
-1.87969 0 3.53083,-1.87969 5 3.53083,-1.84429 0 3.54945
-1.87969 5 3.53083,-1.84429 0 3.54945,-1.84429 5 3.54945
-1.91491 0 3.51186,-1.91491 5 3.51186,-1.87969 0 3.53083
-1.91491 5 3.51186,-1.87969 0 3.53083,-1.87969 5 3.53083
-1.94993 0 3.49253,-1.94993 5 3.49253,-1.91491 0 3.51186
-1.94993 5 3.49253,-1.91491 0 3.51186,-1.91491 5 3.51186
-1.98476 0 3.47286,-1.98476 5 3.47286,-1.94993 0 3.49253
-1.98476 5 3.47286,-1.94993 0 3.49253,-1.94993 5 3.49253
-2.01938 0 3.45284,-2.01938 5 3.45284,-1.98476 0 3.47286
-2.01938 5 3.45284,-1.98476 0 3.47286,-1.98476 5 3.47286
-2.05381 0 3.43247,-2.05381 5 3.43247,-2.01938 0 3.45284
-2.05381 5 3.43247,-2.01938 0 3.45284,-2.01938 5 3.45284
-2.08803 0 3.41176,-2.08803 5 3.41176,-2.05381 0 3.43247
-2.08803 5 3.41176,-2.05381 0 3.43247,-2.05381 5 3.43247
-2.12205 0 3.39071,-2.12205 5 3.39071,-2.08803 0 3.41176
-2.12205 5 3.39071,-2.08803 0 3.41176,-2.08803 5 3.41176
-2.15585 0 3.36932,-2.15585 5 3.36932,-2.12205 0 3.39071
-2.15585 5 3.36932,-2.12205 0 3.39071,-2.12205 5 3.39071
-2.18943 0 3.3476,-2.18943 5 3.3476,-2.15585 0 3.36932
-2.18943 5 3.3476,-2.15585 0 3.36932,-2.15585 5 3.36932
-2.2228 0 3.32553,-2.2228 5 3.32553,-2.18943 0 3.3476
-2.2228 5 3.32553,-2.18943 0 3.3476,-2.18943 5 3.3476
-2.25594 0 3.30314,-2.25594 5 3.30314,-2.2228 0 3.32553
-2.25594 5 3.30314,-2.2228 0 3.32553,-2.2228 5 3.32553
-2.28886 0 3.28042,-2.28886 5 3.28042,-2.25594 0 3.30314
-2.28886 5 3.28042,-2.25594 0 3.30314,-2.25594 5 3.30314
-2.32155 0 3.25736,-2.32155 5 3.25736,-2.28886 0 3.28042
-2.32155 5 3.25736,-2.28886 0 3.28042,-2.28886 5 3.28042
-2.354 0 3.23399,-2.354 5 3.23399,-2.32155 0 3.25736
-2.354 5 3.23399,-2.32155 0 3.25736,-2.32155 5 3.25736
-2.38623 0 3.21028,-2.38623 5 3.21028,-2.354 0 3.23399
-2.38623 5 3.21028,-2.354 0 3.23399,-2.354 5 3.23399
-2.41821 0 3.18626,-2.41821 5 3.18626,-2.38623 0 3.21028
-2.41821 5 3.18626,-2.38623 0 3.21028,-2.38623 5 3.21028
-2.44995 0 3.16192,-2.44995 5 3.16192,-2.41821 0 3.18626
-2.44995 5 3.16192,-2.41821 0 3.18626,-2.41821 5 3.18626
-2.48145 0 3.13726,-2.48145 5 3.13726,-2.44995 0 3.16192
-2.48145 5 3.13726,-2.44995 0 3.16192,-2.44995 5 3.16192
-2.51269 0 3.11229,-2.51269 5 3.11229,-2.48145 0 3.13726
-2.51269 5 3.11229,-2.48145 0 3.13726,-2.48145 5 3.13726
-2.54369 0 3.08701,-2.54369 5 3.08701,-2.51269 0 3.11229
-2.54369 5 3.08701,-2.51269 0 3.11229,-2.51269 5 3.11229
-2.57443 0 3.06142,-2.57443 5 3.06142,-2.54369 0 3.08701
-2.57443 5 3.06142,-2.54369 0 3.08701,-2.54369 5 3.08701
-2.60492 0 3.03552,-2.60492 5 3.03552,-2.57443 0 3.06142
-2.60492 5 3.03552,-2.57443 0 3.06142,-2.57443 5 3.06142
-2.63514 0 3.00932,-2.63514 5 3.00932,-2.60492 0 3.03552
-2.63514 5 3.00932,-2.60492 0 3.03552,-2.60492 5 3.03552
-2.6651 0 2.98282,-2.6651 5 2.98282,-2.63514 0 3.00932
-2.6651 5 2.98282,-2.63514 0 3.00932,-2.63514 5 3.00932
-2.6948 0 2.95602,-2.6948 5 2.95602,-2.6651 0 2.98282
-2.6948 5 2.95602,-2.6651 0 2.98282,-2.6651 5 2.98282
-2.72422 0 2.92893,-2.72422 5 2.92893,-2.6948 0 2.95602
-2.72422 5 2.92893,-2.6948 0 2.95602,-2.6948 5 2.95602
-2.75338 0 2.90154,-2.75338 5 2.90154,-2.72422 0 2.92893
-2.75338 5 2.90154,-2.72422 0 2.92893,-2.72422 5 2.92893
-2.78225 0 2.87386,-2.78225 5 2.87386,-2.75338 0 2.90154
-2.78225 5 2.87386,-2.75338 0 2.90154,-2.75338 5 2.90154
-2.81085 0 2.84589,-2.81085 5 2.84589,-2.78225 0 2.87386
-2.81085 5 2.84589,-2.78225 0 2.87386,-2.78225 5 2.87386
-2.83917 0 2.81764,-2.83917 5 2.81764,-2.81085 0 2.84589
-2.83917 5 2.81764,-2.81085 0 2.84589,-2.81085 5 2.84589
-2.8672 0 2.78911,-2.8672 5 2.78911,-2.83917 0 2.81764
-2.8672 5 2.78911,-2.83917 0 2.81764,-2.83917 5 2.81764
-2.89495 0 2.7603,-2.89495 5 2.7603,-2.8672 0 2.78911
-2.89495 5 2.7603,-2.8672 0 2.78911,-2.8672 5 2.78911
-2.92241 0 2.73121,-2.92241 5 2.73121,-2.89495 0 2.7603
-2.92241 5 2.73121,-2.89495 0 2.7603,-2.89495 5 2.7603
-2.94957 0 2.70185,-2.94957 5 2.70185,-2.92241 0 2.73121
-2.94957 5 2.70185,-2.92241 0 2.73121,-2.92241 5 2.73121
-2.97645 0 2.67222,-2.97645 5 2.67222,-2.94957 0 2.70185
-2.97645 5 2.67222,-2.94957 0 2.70185,-2.94957 5 2.70185
-3.00302 0 2.64232,-3.00302 5 2.64232,-2.97645 0 2.67222
-3.00302 5 2.64232,-2.97645 0 2.67222,-2.97645 5 2.67222
-3.02929 0 2.61216,-3.02929 5 2.61216,-3.00302 0 2.64232
-3.02929 5 2.61216,-3.00302 0 2.64232,-3.00302 5 2.64232
-3.05526 0 2.58174,-3.05526 5 2.58174,-3.02929 0 2.61216
-3.05526 5 2.58174,-3.02929 0 2.61216,-3.02929 5 2.61216
-3.08093 0 2.55106,-3.08093 5 2.55106,-3.05526 0 2.58174
-3.08093 5 2.55106,-3.05526 0 2.58174,-3.05526 5 2.58174
-3.10628 0 2.52012,-3.10628 5 2.52012,-3.08093 0 2.55106
-3.10628 5 2.52012,-3.08093 0 2.55106,-3.08093 5 2.55106
-3.13133 0 2.48893,-3.13133 5 2.48893,-3.10628 0 2.52012
-3.13133 5 2.48893,-3.10628 0 2.52012,-3.10628 5 2.52012
-3.15606 0 2.4575,-3.15606 5 2.4575,-3.13133 0 2.48893
-3.15606 5 2.4575,-3.13133 0 2.48893,-3.13133 5 2.48893
-3.18048 0 2.42581,-3.18048 5 2.42581,-3.15606 0 2.4575
-3.18048 5 2.42581,-3.15606 0 2.4575,-3.15606 5 2.4575
-3.20457 0 2.39389,-3.20457 5 2.39389,-3.18048 0 2.42581
-3.20457 5 2.39389,-3.18048 0 2.42581,-3.18048 5 2.42581
-3.22835 0 2.36172,-3.22835 5 2.36172,-3.20457 0 2.39389
-3.22835 5 2.36172,-3.20457 0 2.39389,-3.20457 5 2.39389
-3.25181 0 2.32932,-3.25181 5 2.32932,-3.22835 0 2.36172
-3.25181 5 2.32932,-3.22835 0 2.36172,-3.22835 5 2.36172
-3.27494 0 2.29669,-3.27494 5 2.29669,-3.25181 0 2.32932
-3.27494 5 2.29669,-3.25181 0 2.32932,-3.25181 5 2.32932
-3.29774 0 2.26382,-3.29774 5 2.26382,-3.27494 0 2.29669
-3.29774 5 2.26382,-3.27494 0 2.29669,-3.27494 5 2.29669
-3.32021 0 2.23073,-3.32021 5 2.23073,-3.29774 0 2.26382
-3.32021 5 2.23073,-3.29774 0 2.26382,-3.29774 5 2.26382
-3.34236 0 2.19742,-3.34236 5 2.19742,-3.32021 0 2.23073
-3.34236 5 2.19742,-3.32021 0 2.23073,-3.32021 5 2.23073
-3.36416 0 2.16389,-3.36416 5 2.16389,-3.34236 0 2.19742
-3.36416 5 2.16389,-3.34236 0 2.19742,-3.34236 5 2.19742
-3.38563 0 2.13014,-3.38563 5 2.13014,-3.36416 0 2.16389
-3.38563 5 2.13014,-3.36416 0 2.16389,-3.36416 5 2.16389
-3.40676 0 2.09618,-3.40676 5 2.09618,-3.38563 0 2.13014
-3.40676 5 2.09618,-3.38563 0 2.13014,-3.38563 5 2.13014
-3.42756 0 2.06201,-3.42756 5 2.06201,-3.40676 0 2.09618
-3.42756 5 2.06201,-3.40676 0 2.09618,-3.40676 5 2.09618
-3.448 0 2.02763,-3.448 5 2.02763,-3.42756 0 2.06201
-3.448 5 2.02763,-3.42756 0 2.06201,-3.42756 5 2.06201
-3.46811 0 1.99305,-3.46811 5 1.99305,-3.448 0 2.02763
-3.46811 5 1.99305,-3.448 0 2.02763,-3.448 5 2.02763
-3.48786 0 1.95827,-3.48786 5 1.95827,-3.46811 0 1.99305
-3.48786 5 1.95827,-3.46811 0 1.99305,-3.46811 5 1.99305
-3.50727 0 1.92329,-3.50727 5 1.92329,-3.48786 0 1.95827
-3.50727 5 1.92329,-3.48786 0 1.95827,-3.48786 5 1.95827
-3.52633 0 1.88812,-3.52633 5 1.88812,-3.50727 0 1.92329
-3.52633 5 1.88812,-3.50727 0 1.92329,-3.50727 5 1.92329
-3.54503 0 1.85277,-3.54503 5 1.85277,-3.52633 0 1.88812
-3.54503 5 1.85277,-3.52633 0 1.88812,-3.52633 5 1.88812
-3.56338 0 1.81722,-3.56338 5 1.81722,-3.54503 0 1.85277
-3.56338 5 1.81722,-3.54503 0 1.85277,-3.54503 5 1.85277
-3.58138 0 1.7815,-3.58138 5 1.7815,-3.56338 0 1.81722
-3.58138 5 1.7815,-3.56338 0 1.81722,-3.56338 5 1.81722
-3.59901 0 1.7456,-3.59901 5 1.7456,-3.58138 0 1.7815
-3.59901 5 1.7456,-3.58138 0 1.7815,-3.58138 5 1.7815
-3.61629 0 1.70952,-3.61629 5 1.70952,-3.59901 0 1.7456
-3.61629 5 1.70952,-3.59901 0 1.7456,-3.59901 5 1.7456
-3.6332 0 1.67327,-3.6332 5 1.67327,-3.61629 0 1.70952
-3.6332 5 1.67327,-3.61629 0 1.70952,-3.61629 5 1.70952
-3.64975 0 1.63686,-3.64975 5 1.63686,-3.6332 0 1.67327
-3.64975 5 1.63686,-3.6332 0 1.67327,-3.6332 5 1.67327
-3.66594 0 1.60028,-3.66594 5 1.60028,-3.64975 0 1.63686
-3.66594 5 1.60028,-3.64975 0 1.63686,-3.64975 5 1.63686
-3.68176 0 1.56354,-3.68176 5 1.56354,-3.66594 0 1.60028
-3.68176 5 1.56354,-3.66594 0 1.60028,-3.66594 5 1.60028
-3.69721 0 1.52664,-3.69721 5 1.52664,-3.68176 0 1.56354
-3.69721 5 1.52664,-3.68176 0 1.56354,-3.68176 5 1.56354
-3.71229 0 1.4896,-3.71229 5 1.4896,-3.69721 0 1.52664
-3.71229 5 1.4896,-3.69721 0 1.52664,-3.69721 5 1.52664
-3.727 0 1.4524,-3.727 5 1.4524,-3.71229 0 1.4896
-3.727 5 1.4524,-3.71229 0 1.4896,-3.71229 5 1.4896
-3.74134 0 1.41506,-3.74134 5 1.41506,-3.727 0 1.4524
-3.74134 5 1.41506,-3.727 0 1.4524,-3.727 5 1.4524
-3.7553 0 1.37757,-3.7553 5 1.37757,-3.74134 0 1.41506
-3.7553 5 1.37757,-3.74134 0 1.41506,-3.74134 5 1.41506
-3.76889 0 1.33995,-3.76889 5 1.33995,-3.7553 0 1.37757
-3.76889 5 1.33995,-3.7553 0 1.37757,-3.7553 5 1.37757
-3.7821 0 1.3022,-3.7821 5 1.3022,-3.76889 0 1.33995
-3.7821 5 1.3022,-3.76889 0 1.33995,-3.76889 5 1.33995
-3.79493 0 1.26431,-3.79493 5 1.26431,-3.7821 0 1.3022
-3.79493 5 1.26431,-3.7821 0 1.3022,-3.7821 5 1.3022
-3.80739 0 1.2263,-3.80739 5 1.2263,-3.79493 0 1.26431
-3.80739 5 1.2263,-3.79493 0 1.26431,-3.79493 5 1.26431
-3.81946 0 1.18817,-3.81946 5 1.18817,-3.80739 0 1.2263
-3.81946 5 1.18817,-3.80739 0 1.2263,-3.80739 5 1.2263
-3.83115 0 1.14991,-3.83115 5 1.14991,-3.81946 0 1.18817
-3.83115 5 1.14991,-3.81946 0 1.18817,-3.81946 5 1.18817
-3.84246 0 1.11154,-3.84246 5 1.11154,-3.83115 0 1.14991
-3.84246 5 1.11154,-3.83115 0 1.14991,-3.83115 5 1.14991
-3.85338 0 1.07306,-3.85338 5 1.07306,-3.84246 0 1.11154
-3.85338 5 1.07306,-3.84246 0 1.11154,-3.84246 5 1.11154
-3.86392 0 1.03448,-3.86392 5 1.03448,-3.85338 0 1.07306
-3.86392 5 1.03448,-3.85338 0 1.07306,-3.85338 5 1.07306
-3.87407 0 0.995787,-3.87407 5 0.995787,-3.86392 0 1.03448
-3.87407 5 0.995787,-3.86392 0 1.03448,-3.86392 5 1.03448
-3.88383 0 0.956997,-3.88383 5 0.956997,-3.87407 0 0.995787
-3.88383 5 0.956997,-3.87407 0 0.995787,-3.87407 5 0.995787
-3.89321 0 0.918112,-3.89321 5 0.918112,-3.88383 0 0.956997
-3.89321 5 0.918112,-3.88383 0 0.956997,-3.88383 5 0.956997
-3.90219 0 0.879134,-3.90219 5 0.879134,-3.89321 0 0.918112
-3.90219 5 0.879134,-3.89321 0 0.918112,-3.89321 5 0.918112
-3.91079 0 0.840069,-3.91079 5 0.840069,-3.90219 0 0.879134
-3.91079 5 0.840069,-3.90219 0 0.879134,-3.90219 5 0.879134
-3.919 0 0.80092,-3.919 5 0.80092,-3.91079 0 0.840069
-3.919 5 0.80092,-3.91079 0 0.840069,-3.91079 5 0.840069
-3.92681 0 0.761691,-3.92681 5 0.761691,-3.919 0 0.80092
-3.92681 5 0.761691,-3.919 0 0.80092,-3.919 5 0.80092
-3.93423 0 0.722385,-3.93423 5 0.722385,-3.92681 0 0.761691
-3.93423 5 0.722385,-3.92681 0 0.761691,-3.92681 5 0.761691
-3.94126 0 0.683007,-3.94126 5 0.683007,-3.93423 0 0.722385
-3.94126 5 0.683007,-3.93423 0 0.722385,-3.93423 5 0.722385
-3.94789 0 0.643561,-3.94789 5 0.643561,-3.94126 0 0.683007
-3.94789 5 0.643561,-3.94126 0 0.683007,-3.94126 5 0.683007
-3.95413 0 0.604051,-3.95413 5 0.604051,-3.94789 0 0.643561
-3.95413 5 0.604051,-3.94789 0 0.643561,-3.94789 5 0.643561
-3.95997 0 0.56448,-3.95997 5 0.56448,-3.95413 0 0.604051
-3.95997 5 0.56448,-3.95413 0 0.604051,-3.95413 5 0.604051
-3.96542 0 0.524853,-3.96542 5 0.524853,-3.95997 0 0.56448
-3.96542 5 0.524853,-3.95997 0 0.56448,-3.95997 5 0.56448
-3.97047 0 0.485173,-3.97047 5 0.485173,-3.96542 0 0.524853
-3.97047 5 0.485173,-3.96542 0 0.524853,-3.96542 5 0.524853
-3.97512 0 0.445445,-3.97512 5 0.445445,-3.97047 0 0.485173
-3.97512 5 0.445445,-3.97047 0 0.485173,-3.97047 5 0.485173
-3.97938 0 0.405672,-3.97938 5 0.405672,-3.97512 0 0.445445
-3.97938 5 0.405672,-3.97512 0 0.445445,-3.97512 5 0.445445
-3.98323 0 0.365859,-3.98323 5 0.365859,-3.97938 0 0.405672
-3.98323 5 0.365859,-3.97938 0 0.405672,-3.97938 5 0.405672
-3.98669 0 0.326009,-3.98669 5 0.326009,-3.98323 0 0.365859
-3.98669 5 0.326009,-3.98323 0 0.365859,-3.98323 5 0.365859
-3.98975 0 0.286126,-3.98975 5 0.286126,-3.98669 0 0.326009
-3.98975 5 0.286126,-3.98669 0 0.326009,-3.98669 5 0.326009
-3.99242 0 0.246215,-3.99242 5 0.246215,-3.98975 0 0.286126
-3.99242 5 0.246215,-3.98975 0 0.286126,-3.98975 5 0.286126
-3.99468 0 0.206279,-3.99468 5 0.206279,-3.99242 0 0.246215
-3.99468 5 0.206279,-3.99242 0 0.246215,-3.99242 5 0.246215
-3.99654 0 0.166323,-3.99654 5 0.166323,-3.99468 0 0.206279
-3.99654 5 0.166323,-3.99468 0 0.206279,-3.99468 5 0.206279
-3.998 0 0.12635,-3.998 5 0.12635,-3.99654 0 0.166323
-3.998 5 0.12635,-3.99654 0 0.166323,-3.99654 5 0.166323
-3.99907 0 0.0863639,-3.99907 5 0.0863639,-3.998 0 0.12635
-3.99907 5 0.0863639,-3.998 0 0.12635,-3.998 5 0.12635
-3.99973 0 0.0463696,-3.99973 5 0.0463696,-3.99907 0 0.0863639
-3.99973 5 0.0463696,-3.99907 0 0.0863639,-3.99907 5 0.0863639
-3.99999 0 0.00637061,-3.99999 5 0.00637061,-3.99973 0 0.0463696
-3.99999 5 0.00637061,-3.99973 0 0.0463696,-3.99973 5 0.0463696
-3.99986 0 -0.033629,-3.99986 5 -0.033629,-3.99999 0 0.00637061
-3.99986 5 -0.033629,-3.99999 0 0.00637061,-3.99999 5 0.00637061
